,actual_y,estimated_y,error_of_y(actual_y-estimated_y),std_of_estimated_y
0,-131.9939181,-131.99404132927214,0.00012322927213404,0.15095618264141794
1,-155.7864248,-155.78595648075895,-0.00046831924103685196,0.15095632469309195
2,-120.5659973,-120.56640409995893,0.000406799958923898,0.1509562982413032
3,-165.6950532,-165.6954020352864,0.00034883528641671546,0.15095640138029243
4,-163.3692942,-163.3688170975684,-0.00047710243160281607,0.15095623510592773
5,-194.7677273,-194.76701407516865,-0.0007132248313439504,0.15095608001512592
6,-196.2092245,-196.20820267743156,-0.0010218225684468507,0.15095615842702262
7,-194.4673506,-194.46641209838225,-0.0009385016177532179,0.150956300604417
8,-150.6101085,-150.61010997234538,1.4723453887199867e-06,0.15095624702373536
9,-85.3149645,-85.31639200135399,0.0014275013539872816,0.15095599110658464
10,-168.1590443,-168.1587966436722,-0.0002476563278150934,0.1509562844564719
11,-116.4681052,-116.46937417123281,0.0012689712328182168,0.15095596656702026
12,-148.8940509,-148.8938054613189,-0.00024543868110527,0.15095586464281366
13,-168.6195959,-168.61968151862092,8.561862091482908e-05,0.15095648253557725
14,-187.4676479,-187.467642996963,-4.903036995074217e-06,0.15095645649442768
15,-142.553364,-142.55345074868825,8.674868826119564e-05,0.15095614562597237
16,-171.0228452,-171.02194912225931,-0.0008960777406912257,0.1509561122976503
17,-102.052509,-102.05349351961053,0.0009845196105260356,0.1509560859346507
18,-190.3940578,-190.3940163887679,-4.141123210388287e-05,0.15095641028302412
19,-112.7038434,-112.70439957841455,0.0005561784145555748,0.15095626288509395
20,-122.9519649,-122.95219116942428,0.00022626942428871644,0.15095609982508615
21,-113.0891535,-113.08956971345484,0.0004162134548408858,0.15095621183846292
22,-112.0233045,-112.02466055476137,0.0013560547613735707,0.15095598279544592
23,-185.7920799,-185.7908332053883,-0.0012466946116944655,0.15095602077293835
24,-169.3739386,-169.37356864255483,-0.0003699574451729859,0.15095601965339017
25,-161.4571928,-161.4572462369693,5.343696929571706e-05,0.15095643581971596
26,-117.0450476,-117.04624478669773,0.0011971866977233958,0.15095610663287393
27,-167.4631516,-167.46242648606383,-0.0007251139361699188,0.15095616781077165
28,-125.0562846,-125.05677410682736,0.0004895068273640391,0.15095618902015404
29,-158.6950801,-158.6944042176958,-0.0006758823042218864,0.15095596554132604
30,-111.198464,-111.19910033569059,0.0006363356905865203,0.15095630565243018
31,-153.779498,-153.77986407324337,0.000366073243384335,0.15095618567492095
32,-165.041112,-165.04037349464224,-0.0007385053577593226,0.15095625440637342
33,-135.1588083,-135.1588730016806,6.47016805999101e-05,0.1509563899401474
34,-152.3221951,-152.32250486609252,0.00030976609252775233,0.1509558535193867
35,-146.4354686,-146.4350350833981,-0.00043351660190182884,0.1509559756407266
36,-182.839303,-182.83822315679038,-0.001079843209623732,0.1509562354997802
37,-152.1677442,-152.16729927242136,-0.00044492757862713006,0.15095581179270137
38,-107.1532464,-107.15432012362876,0.0010737236287639007,0.15095605993533198
39,-126.9973897,-126.99775402325521,0.00036432325521218445,0.1509564068757852
40,-129.6400542,-129.63989331203564,-0.00016088796436974917,0.15095603370975277
41,-151.2990862,-151.29921432850486,0.00012812850485488525,0.1509563651174095
42,-159.5567655,-159.55615860079592,-0.0006068992040866306,0.15095628137604383
43,-189.4276692,-189.42656298073769,-0.0011062192623114697,0.1509563065339889
44,-120.1154011,-120.11486916440383,-0.0005319355961717065,0.1509559987691223
45,-150.7476018,-150.74783642010152,0.00023462010150865353,0.15095640177582045
46,-105.1882646,-105.18928822800936,0.0010236280093636196,0.1509562708342083
47,-109.5594012,-109.55976842486594,0.0003672248659398747,0.15095588893770276
48,-146.514687,-146.51465884391814,-2.8156081867791727e-05,0.1509560941502535
49,-187.217327,-187.21673243937755,-0.0005945606224599942,0.1509562934564166
50,-169.6810077,-169.68091861134215,-8.90886578588379e-05,0.15095647064963158
51,-122.771307,-122.77182985840709,0.0005228584070948727,0.15095621352783886
52,-167.6447026,-167.64457221763107,-0.00013038236892271016,0.15095632917965543
53,-120.0533392,-120.05457908313998,0.0012398831399877963,0.15095590401474424
54,-116.8719658,-116.87232541837167,0.0003596183716751966,0.15095610282004354
55,-165.4933439,-165.4928280730138,-0.000515826986202228,0.1509562375008859
56,-139.1499583,-139.14960328532328,-0.00035501467672816034,0.15095584747918278
57,-153.4606575,-153.45978038777343,-0.000877112226561394,0.15095587480925987
58,-169.3128346,-169.3127255643852,-0.00010903561479835844,0.15095621341219706
59,-191.7161426,-191.71594436797582,-0.0001982320241893376,0.1509565412446269
60,-106.9696881,-106.97051227016395,0.0008241701639519761,0.15095644584869453
61,-151.888111,-151.88810065714935,-1.0342850657707459e-05,0.15095638568151712
62,-178.3071362,-178.30640385783698,-0.0007323421630189841,0.15095636895537276
63,-109.4321754,-109.4325586649193,0.00038326491929296935,0.15095627365318567
64,-129.9343908,-129.9346672847784,0.0002764847784249014,0.15095637139390392
65,-110.3708158,-110.37097350080353,0.00015770080352695004,0.15095625373095842
66,-130.5629577,-130.5630861456454,0.00012844564540159809,0.15095644033979547
67,-115.9956705,-115.99578160348767,0.00011110348766862899,0.1509561709817044
68,-129.1786512,-129.17899844184424,0.0003472418442527214,0.15095644321910445
69,-151.2596697,-151.25995269982369,0.0002829998236961728,0.15095652170958282
70,-109.4333242,-109.43410088741027,0.0007766874102657084,0.15095642595665737
71,-109.2202262,-109.22102228336279,0.0007960833627862485,0.15095647385407726
72,-145.7589662,-145.75897825608,1.205608000987013e-05,0.15095636744700294
73,-160.9761547,-160.97626832325216,0.00011362325216168756,0.1509565276140066
74,-116.3876843,-116.38812900150943,0.00044470150942288456,0.15095635674763253
75,-146.7863759,-146.78650058948782,0.00012468948781929612,0.15095633169360576
76,-88.24480436,-88.24589880492756,0.0010944449275598345,0.150956306580916
77,-137.6146388,-137.61490105554302,0.0002622555430207285,0.15095637686761024
78,-164.0994051,-164.0992314715934,-0.00017362840659984613,0.15095646246254069
79,-121.5054287,-121.50608373768253,0.0006550376825344983,0.15095637019893987
80,-139.0840775,-139.0841016057859,2.4105785882966302e-05,0.15095629272904681
81,-144.1206927,-144.12016345035448,-0.0005292496455240325,0.15095611130380052
82,-189.3083444,-189.30741857638685,-0.0009258236131586273,0.1509560663392128
83,-92.50679295,-92.50776441936284,0.0009714693628382065,0.15095637255199673
84,-157.6092166,-157.60880326037818,-0.00041333962181511197,0.15095637131848544
85,-122.8565796,-122.856796294471,0.00021669447099270656,0.15095617126829505
86,-134.1593334,-134.15983249428473,0.0004990942847200586,0.15095615169130386
87,-157.8553954,-157.85570200053556,0.00030660053556630373,0.1509562931078154
88,-140.3053224,-140.30511565365615,-0.00020674634384931778,0.15095620463347542
89,-157.7145149,-157.71464000342155,0.0001251034215385971,0.15095623638301534
90,-146.5992091,-146.5989113183562,-0.00029778164380900307,0.15095610209267282
91,-108.7336761,-108.73451444388266,0.0008383438826626843,0.15095609914967048
92,-158.6678737,-158.6675643374262,-0.0003093625738017636,0.15095610409713223
93,-143.7080615,-143.70830057206416,0.0002390720641471944,0.1509563416639324
94,-167.5127961,-167.51216524452127,-0.0006308554787324283,0.15095632069255877
95,-157.6800819,-157.68023414362798,0.00015224362797994218,0.15095651639509844
96,-147.1427946,-147.14299568530285,0.00020108530284801418,0.15095647546803184
97,-121.0213067,-121.02107790540526,-0.00022879459473301722,0.15095615734267082
98,-117.3525564,-117.35239539882282,-0.00016100117717599005,0.15095626420072855
99,-113.047905,-113.0486096298173,0.0007046298173065679,0.15095649064054475
100,-142.2003124,-142.2004337313659,0.00012133136590364302,0.15095634164549676
101,-177.6823128,-177.68150950581963,-0.0008032941803719496,0.1509562747961955
102,-111.6663454,-111.6671011590582,0.0007557590582081275,0.15095610946861407
103,-127.6469939,-127.64736051966916,0.00036661966916540223,0.1509562566974213
104,-147.314934,-147.31485941197343,-7.458802656401531e-05,0.15095605826606592
105,-144.6122651,-144.612498249831,0.0002331498309899871,0.1509564578687194
106,-88.59594495,-88.59739655871766,0.0014516087176588144,0.1509561011977051
107,-134.5077996,-134.50780418067944,4.580679444643465e-06,0.1509560540912248
108,-122.6730512,-122.67327500219929,0.00022380219928663792,0.1509562931698262
109,-118.4902018,-118.49067027920859,0.00046847920859249825,0.15095629697259597
110,-150.2173838,-150.21760883782414,0.00022503782415128626,0.15095652717825578
111,-162.1156591,-162.11514277721972,-0.000516322780271139,0.15095620645190097
112,-115.2221349,-115.22277269351541,0.0006377935154091574,0.1509564276091597
113,-157.6504457,-157.65011987468486,-0.00032582531514435686,0.15095633074500853
114,-103.2479582,-103.24879236311364,0.0008341631136374872,0.1509562342511841
115,-174.011886,-174.0118365697873,-4.943021269809833e-05,0.1509565117543518
116,-156.542443,-156.54212527900796,-0.0003177209920295354,0.15095610074016547
117,-161.535533,-161.53521851988353,-0.0003144801164580713,0.1509562483393701
118,-140.1997637,-140.20002952801877,0.0002658280187688433,0.15095644350904652
119,-153.5171593,-153.5171643918814,5.091881405405729e-06,0.15095638851222415
120,-116.3391427,-116.33911892446457,-2.377553542487476e-05,0.1509562260372649
121,-175.1398082,-175.13986154386785,5.334386784738854e-05,0.15095654770044223
122,-120.2030004,-120.2034868371866,0.0004864371866091233,0.15095643243258922
123,-129.2651446,-129.26572736722437,0.0005827672243583493,0.1509565135509861
124,-127.3544643,-127.3548949604162,0.00043066041619965745,0.15095649736116473
125,-129.3567848,-129.35675694197838,-2.7858021638849095e-05,0.15095598251220688
126,-149.7289931,-149.72859007267488,-0.0004030273251203198,0.15095630554852021
127,-151.7074816,-151.70752400948408,4.240948408096301e-05,0.15095646537369262
128,-168.149971,-168.14950311305415,-0.0004678869458416557,0.15095624739915214
129,-149.2825494,-149.28237344756178,-0.00017595243821233453,0.15095638947925666
130,-137.3240643,-137.32416497412532,0.00010067412532066555,0.15095645743967223
131,-125.4173286,-125.41737900220637,5.0402206369426494e-05,0.15095602807178896
132,-128.0462617,-128.04659144553943,0.00032974553943176943,0.15095631150323144
133,-138.489828,-138.48981438337069,-1.3616629303214722e-05,0.15095625696390017
134,-166.7663653,-166.76627106746713,-9.423253285945066e-05,0.1509563877446316
135,-138.1067091,-138.1070820835209,0.00037298352091852394,0.15095629653349252
136,-167.6709453,-167.6706940053265,-0.00025129467348961043,0.1509564413436989
137,-148.5893266,-148.58945542472404,0.00012882472404385226,0.1509564417392268
138,-145.6774489,-145.67725666560966,-0.00019223439034021794,0.15095620385247419
139,-156.5475161,-156.54722140235884,-0.0002946976411521973,0.15095628403412814
140,-183.3453261,-183.34428348095884,-0.0010426190411578773,0.15095607573972722
141,-126.3392463,-126.3396520414231,0.0004057414230942413,0.15095637013190122
142,-146.7653009,-146.76571947768733,0.0004185776873271152,0.15095621409264015
143,-135.8887188,-135.8887859105556,6.711055561936519e-05,0.15095636177553226
144,-173.4155253,-173.415189567557,-0.00033573244300555416,0.15095640850314823
145,-185.5811134,-185.58036309702388,-0.0007503029761153357,0.1509563344589511
146,-159.2084531,-159.20854334680507,9.024680505831384e-05,0.15095648882044665
147,-117.492305,-117.4926178869058,0.0003128869058031114,0.15095620957422987
148,-193.8223875,-193.82061399697847,-0.0017735030215249026,0.15095596315139148
149,-143.5395451,-143.5400233757761,0.0004782757760892764,0.15095625705775437
150,-193.7948295,-193.79416790503564,-0.000661594964356027,0.1509563500286823
151,-165.1336496,-165.13365715393155,7.5539315389505646e-06,0.15095638218545143
152,-114.8923517,-114.89282016423701,0.00046846423700230844,0.1509564062975769
153,-152.9951265,-152.995293140702,0.00016664070199112757,0.1509564000814187
154,-164.497052,-164.4968902155955,-0.00016178440449721165,0.15095639927695495
155,-150.9357462,-150.93569543092116,-5.076907885381843e-05,0.15095632640593018
156,-106.9986341,-106.99995688162733,0.001322781627322911,0.15095627800567327
157,-154.6605336,-154.6607428118285,0.0002092118284906519,0.1509564772847782
158,-170.8751957,-170.8751939061097,-1.7938903056347044e-06,0.15095643653032545
159,-148.1528202,-148.1532600538934,0.0004398538933969576,0.1509564013786165
160,-111.6132965,-111.61414363047112,0.0008471304711150651,0.1509562563069208
161,-136.0094845,-136.00954373089226,5.9230892247796874e-05,0.15095623201376684
162,-139.9947974,-139.99512913941467,0.0003317394146620245,0.1509560957927036
163,-120.1015443,-120.10230467226364,0.0007603722636417842,0.15095604227228424
164,-155.1304074,-155.13016273084733,-0.0002446691526643008,0.15095604814823524
165,-148.4705003,-148.47025541218505,-0.00024488781494369505,0.15095625529128437
166,-149.4054305,-149.40566474385753,0.0002342438575340111,0.150956318904302
167,-107.9555786,-107.95644185388176,0.0008632538817607838,0.1509562248992826
168,-121.0118569,-121.01265952786385,0.0008026278638482154,0.15095625121868278
169,-149.1373819,-149.13768906824464,0.0003071682446318391,0.15095645630001572
170,-149.0281141,-149.02774592601406,-0.00036817398594735096,0.15095623089086832
171,-136.1170975,-136.11739883787277,0.00030133787277009105,0.15095638178992338
172,-169.9940901,-169.9939994718938,-9.062810619298034e-05,0.1509561424986143
173,-125.8069081,-125.8073800605366,0.0004719605366005908,0.1509562451784948
174,-148.6660829,-148.6662054294072,0.00012252940720713923,0.15095612520596538
175,-199.076602,-199.07588540261503,-0.0007165973849794227,0.1509563569554524
176,-149.5562632,-149.55659390853782,0.00033070853783101484,0.1509563449555311
177,-235.8064863,-235.80517806880195,-0.0013082311980383565,0.15095641695504464
163462,-265.45935507736453,-265.45841859806956,-0.0009364792949781986,0.15095656039922453
539741,-127.02142074568974,-127.02145127758351,3.053189377055787e-05,0.15095626036779056
469038,-142.58033336749136,-142.58043559721057,0.00010222971920370583,0.15095639859483675
176584,-196.66994382616195,-196.66885305214984,-0.0010907740121126608,0.15095633361426378
52476,-100.44159093409588,-100.44191618921545,0.0003252551195629394,0.13073239676257628
52476,-100.44159093409588,-100.44191618921545,0.0003252551195629394,0.13073239676257628
745636,-131.30911293028862,-131.30923915765857,0.00012622736994671868,0.15095615967897133
639847,-133.33284246450438,-133.33310875814348,0.00026629363910046777,0.150956459491054
228204,-130.88637123105656,-130.88655736609815,0.00018613504158793148,0.1509563309930516
360018,-125.6115825903057,-125.61181806680673,0.00023547650103239448,0.15095633742541237
902055,-134.14156804103519,-134.1418878602657,0.0003198192305262637,0.15095646587648223
834679,-175.0867349207283,-175.08635896984816,-0.00037595088014086286,0.150956469080928
550086,-154.49035106782503,-154.49013299456382,-0.00021807326120892867,0.15095639721551662
907831,-189.90216930460952,-189.9014326766814,-0.000736627928120015,0.15095641734889664
845902,-146.5967499874581,-146.59673530905016,-1.4678407950441397e-05,0.15095641297630147
607011,-133.89450055375727,-133.89446695271144,-3.360104582839085e-05,0.15095629818096834
231942,-176.99555468821276,-176.9950508516913,-0.0005038365214602436,0.15095643721244348
636117,-94.64822908040475,-94.64904718466775,0.0008181042630042157,0.15095631246523655
963182,-161.45925124919395,-161.45909768093514,-0.00015356825880985525,0.15095646205192917
251237,-191.4879861514728,-191.48793199839406,-5.415307873590791e-05,0.15095656055341328
919893,-179.28556483293798,-179.28508286138361,-0.00048197155436469075,0.1509564272220116
720481,-148.42513867712418,-148.42476390164063,-0.00037477548355013823,0.1509563279092725
562913,-97.53434415936321,-97.53489731033483,0.0005531509716121263,0.15095620477090482
918891,-129.88714210651744,-129.88726748188685,0.00012537536940726568,0.15095635260464305
10412,-109.32258993800781,-109.322983967345,0.00039402933718690747,0.15095630542282268
40719,-135.98410386724981,-135.9839663085008,-0.00013755874900311937,0.15095636532355336
236493,-97.08460448638596,-97.0853516112246,0.0007471248386394791,0.15095641755001254
288549,-144.5047128157179,-144.5048656547542,0.00015283903630347595,0.15095640139872807
36393,-153.00832502795922,-153.00812529377671,-0.0001997341825017429,0.1509564094266055
304554,-113.04738830661108,-113.0476190503739,0.00023074376281329023,0.15095631178982183
287481,-109.72127047855528,-109.72204024414624,0.0007697655909595369,0.15095622483224386
88890,-157.9775068735989,-157.97771621612142,0.00020934252250981444,0.15095653908766052
738518,-142.47059011680417,-142.4705888991597,-1.2176444670330966e-06,0.15095629577930728
298505,-168.2638284624778,-168.2635610981936,-0.00026736428418416835,0.15095642890468125
465145,-95.36484978457324,-95.36486583607359,1.605150035288716e-05,0.10821510340960869
465145,-95.36484978457324,-95.36486583607359,1.605150035288716e-05,0.10821510340960869
465145,-95.36484978457324,-95.36486583607359,1.605150035288716e-05,0.10821510340960869
465145,-95.36484978457324,-95.36486583607359,1.605150035288716e-05,0.10821510340960869
465145,-95.36484978457324,-95.36486583607359,1.605150035288716e-05,0.10821510340960869
465145,-95.36484978457324,-95.36486583607359,1.605150035288716e-05,0.10821510340960869
465145,-95.36484978457324,-95.36486583607359,1.605150035288716e-05,0.10821510340960869
465145,-95.36484978457324,-95.36486583607359,1.605150035288716e-05,0.10821510340960869
465145,-95.36484978457324,-95.36486583607359,1.605150035288716e-05,0.10821510340960869
465145,-95.36484978457324,-95.36486583607359,1.605150035288716e-05,0.10821510340960869
465145,-95.36484978457324,-95.36486583607359,1.605150035288716e-05,0.10821510340960869
465145,-95.36484978457324,-95.36486583607359,1.605150035288716e-05,0.10821510340960869
993736,-162.95096730117186,-162.95124034696323,0.0002730457913742157,0.15095655587412077
465145,-95.36484978457324,-95.36486583607359,1.605150035288716e-05,0.10821510340960869
330637,-202.20200491997034,-202.2018016509327,-0.0002032690376267965,0.15095655787354625
465145,-95.36484978457324,-95.36486583607359,1.605150035288716e-05,0.10821510340960869
465145,-95.36484978457324,-95.36486583607359,1.605150035288716e-05,0.10821510340960869
985616,-223.1440423566557,-223.14360102618176,-0.0004413304739330215,0.1509565601143106
465145,-95.36484978457324,-95.36486583607359,1.605150035288716e-05,0.10821510340960869
465145,-95.36484978457324,-95.36486583607359,1.605150035288716e-05,0.10821510340960869
465145,-95.36484978457324,-95.36486583607359,1.605150035288716e-05,0.10821510340960869
465145,-95.36484978457324,-95.36486583607359,1.605150035288716e-05,0.10821510340960869
465145,-95.36484978457324,-95.36486583607359,1.605150035288716e-05,0.10821510340960869
564934,-170.45646169220728,-170.45663304204362,0.00017134983633582124,0.15095655912884356
963851,-120.1054079836224,-120.10571123588142,0.00030325225901606245,0.1509563876591573
405915,-162.4446151252792,-162.44486985630473,0.0002547310255351931,0.15095655370039493
260859,-171.68737712689523,-171.68749787209558,0.00012074520034843772,0.15095655744952727
671863,-216.82955491685422,-216.8291930489192,-0.00036186793502679393,0.1509565603036946
161454,-231.1321173203075,-231.1315830429129,-0.0005342773945926638,0.15095656035229754
465145,-95.36484978457324,-95.36486583607359,1.605150035288716e-05,0.10821510340960869
465145,-95.36484978457324,-95.36486583607359,1.605150035288716e-05,0.10821510340960869
465145,-95.36484978457324,-95.36486583607359,1.605150035288716e-05,0.10821510340960869
465145,-95.36484978457324,-95.36486583607359,1.605150035288716e-05,0.10821510340960869
340299,-207.84755638192567,-207.84725794548896,-0.0002984364367080161,0.15095655859421095
621110,-184.61562774693377,-184.61565232177907,2.457484529827525e-05,0.1509565607662607
668838,-195.99253052466992,-195.99240871441555,-0.00012181025437030257,0.1509565579003617
924613,-227.26189140306454,-227.26141043058476,-0.00048097247977807456,0.15095656073441743
465145,-95.36484978457324,-95.36486583607359,1.605150035288716e-05,0.10821510340960869
465145,-95.36484978457324,-95.36486583607359,1.605150035288716e-05,0.10821510340960869
588732,-213.59380440152006,-213.59347788712654,-0.00032651439352093803,0.15095656036067737
465145,-95.36484978457324,-95.36486583607359,1.605150035288716e-05,0.10821510340960869
218174,-196.7474337304843,-196.74729931959206,-0.00013441089222965275,0.15095655963330884
460092,-150.5732403536373,-150.5736730339798,0.0004326803424987702,0.15095655861767443
506577,-223.3103809445047,-223.30993852873007,-0.00044241577461434645,0.15095656005565186
465145,-95.36484978457324,-95.36486583607359,1.605150035288716e-05,0.10821510340960869
767552,-181.19162692029155,-181.19167787670796,5.095641640195936e-05,0.1509565586243783
672681,-227.8483672559445,-227.84787877693873,-0.000488479005781528,0.15095656046123523
542348,-167.3017708642909,-167.3019850512527,0.00021418696181285668,0.1509565580025955
893306,-191.11764834852264,-191.117598568392,-4.97801306380552e-05,0.15095656038581684
961721,-226.84356944539275,-226.84308290621138,-0.000486539181366652,0.15095656004224414
465145,-95.36484978457324,-95.36486583607336,1.6051500125513485e-05,0.10821510340960869
622329,-239.20698911076911,-239.206366557397,-0.0006225533721249121,0.15095656048469872
465145,-95.36484978457324,-95.36486583607359,1.605150035288716e-05,0.10821510340960869
465145,-95.36484978457324,-95.36486583607359,1.605150035288716e-05,0.10821510340960869
906011,-131.47000803230137,-131.47023729868266,0.00022926638129661114,0.15095641231094298
761189,-162.904976630833,-162.90526261169418,0.00028598086117881394,0.15095656096402452
298660,-188.40674013203886,-188.40671677987004,-2.335216882443092e-05,0.15095656006067973
815215,-200.78803780076146,-200.78786836093423,-0.00016943982723205409,0.15095656041430824
225776,-175.4754180206609,-175.47551555173663,9.753107573828856e-05,0.15095655785678663
545797,-168.56527615415527,-168.56546678609052,0.0001906319352542596,0.15095655798583588
465145,-95.36484978457324,-95.36486583607359,1.605150035288716e-05,0.10821510340960869
861029,-190.60964020504446,-190.60957251147227,-6.769357219127414e-05,0.15095655980593317
351102,-151.17369113970494,-151.17345392005902,-0.00023721964592482436,0.15095637464863074
321812,-126.84516057673444,-126.84536812493329,0.0002075481988441652,0.15095639571385094
749120,-173.7118925879717,-173.71125889174223,-0.0006336962294710702,0.1509563818787496
430663,-111.19458409284633,-111.19485907561798,0.00027498277165705076,0.1509563407002515
657460,-208.65775008800313,-208.6574822926279,-0.0002677953752368012,0.15095655999866905
138184,-242.10914809045204,-242.10849241999912,-0.0006556704529145918,0.15095656065229518
484955,-217.53271190321956,-217.53234110098242,-0.0003708022371426978,0.15095656046291117
906157,-186.88857204875802,-186.88856692424906,-5.1245089593976445e-06,0.15095656013945005
499002,-220.7577898957412,-220.75738723203506,-0.0004026637061542715,0.15095655988973136
16873,-223.6717309237951,-223.6712927207056,-0.00043820308951580955,0.15095656049643047
465145,-95.36484978457324,-95.36486583607359,1.605150035288716e-05,0.10821510340960869
864735,-229.83502501392957,-229.83451621543588,-0.000508798493683571,0.15095656079307615
329927,-118.96137130519821,-118.96219198940544,0.0008206842072269183,0.1509565558389255
590168,-168.34104205251413,-168.34059888157708,-0.0004431709370464887,0.1509564553966703
558571,-108.52268638230254,-108.52305334552486,0.00036696322231932754,0.15095629431618784
917312,-139.1311634108953,-139.131379844118,0.00021643322267550502,0.15095642217903035
359026,-145.9962093549786,-145.99656900719228,0.0003596522136888325,0.15095637600448752
9125,-151.81489222460402,-151.81480957909974,-8.264550427838913e-05,0.15095643232365144
502924,-178.583126794983,-178.58273687785817,-0.00038991712483493757,0.15095645505980124
706931,-104.80752275705257,-104.80785596353499,0.00033320648242352036,0.15095633117238005
642631,-227.0842838238434,-227.08377123023234,-0.0005125936110630391,0.15095655895789523
730725,-168.93996713568802,-168.94016815004903,0.00020101436101072068,0.1509565556931166
441980,-199.2286975922567,-199.22846684904238,-0.00023074321433114164,0.15095655199761507
690306,-189.62693150259489,-189.62689132325698,-4.017933790123607e-05,0.15095655969029162
630708,-121.90854410966934,-121.90890153698155,0.0003574273122097793,0.15095642102596582
314613,-127.18540567619587,-127.18555110803695,0.0001454318410765154,0.1509563819240007
788855,-242.21218673083104,-242.21152985688377,-0.0006568739472641028,0.1509565607863723
594600,-104.10263772415792,-104.10296538359353,0.00032765943561230415,0.15095627143420465
858835,-160.49842661935978,-160.49776555077452,-0.0006610685852592724,0.1509563630157475
532655,-131.19417053340268,-131.19450246387424,0.0003319304715603266,0.15095638123350255
725661,-155.6036214174223,-155.60329466027636,-0.00032675714592755867,0.1509563912155577
591051,-197.86895281429372,-197.86882736084692,-0.00012545344679892878,0.15095656078972422
679780,-137.02132636199102,-137.0213874578113,6.10958202855727e-05,0.15095639961885204
605711,-130.7444252763642,-130.7444784392358,5.316287158052546e-05,0.15095639252281132
951193,-133.92667655044795,-133.9267685418689,9.199142095894786e-05,0.1509563535817316
288715,-163.81574101947342,-163.81540825742863,-0.0003327620447919344,0.15095642126562894
465145,-95.36484978457324,-95.36486583607359,1.605150035288716e-05,0.10821510340960869
728448,-128.15669228188625,-128.15691432231978,0.00022204043352758163,0.15095634388291237
697117,-137.678252458754,-137.67831897116906,6.651241506006045e-05,0.15095637683409088
684377,-95.55261831296602,-95.55337539784018,0.0007570848741664804,0.15095633345337098
981956,-89.5056256778565,-89.50647186657832,0.0008461887218231823,0.1509563641151815
835694,-179.9166412672703,-179.91584076115873,-0.0008005061115738954,0.15095640063281157
215294,-110.1641413008811,-110.16465689361954,0.0005155927384379311,0.1509564156746067
20463,-169.0413828236663,-169.04106360262168,-0.00031922104463433243,0.15095648690146657
783364,-155.3012660495959,-155.3011439902693,-0.00012205932659981045,0.15095646774350766
558596,-193.43216605565198,-193.43208272866005,-8.332699192692417e-05,0.15095655975397826
329150,-166.0546618212463,-166.05427293916873,-0.00038888207757281634,0.15095644926263643
43651,-175.51210193130964,-175.51167224845733,-0.0004296828523138174,0.15095646965075624
268798,-225.98041051605952,-225.97991294115005,-0.0004975749094739967,0.15095655649925546
563377,-230.20405316769921,-230.2035426827381,-0.0005104849611257123,0.15095656091039367
396200,-200.1080136882062,-200.10784119925844,-0.00017248894775434565,0.1509565595076115
746453,-166.24498106647434,-166.2445329745687,-0.00044809190563910306,0.1509564261661531
57132,-151.5858168353801,-151.58547330797768,-0.00034352740240706225,0.1509563154501339
162868,-177.80801819372752,-177.8081367562358,0.00011856250827690928,0.15095655742941572
36960,-116.49614865961853,-116.49662071978118,0.000472060162650223,0.1509563702022918
33239,-177.57661377003598,-177.57606322451642,-0.0005505455195589093,0.1509564353051945
634738,-150.8349054711251,-150.83532283828933,0.0004173671642320187,0.15095656024838774
737521,-96.83626726322943,-96.83718527480954,0.0009180115801115107,0.15095629501339022
690186,-140.1028517178595,-140.10265977639278,-0.00019194146670997725,0.15095631458198297
144820,-125.79436277209939,-125.79478720818295,0.00042443608356279583,0.15095645543521752
453548,-209.2268505821271,-209.22657622411077,-0.00027435801632691437,0.15095656050983822
860382,-153.31564218024914,-153.31544869400213,-0.00019348624701365225,0.1509564227656184
120098,-182.3693758228746,-182.36941847903407,4.265615947929291e-05,0.15095655950425957
676006,-159.32910560654042,-159.32890282668848,-0.0002027798519463886,0.1509564135260183
267898,-129.21636609869154,-129.21661957974766,0.0002534810561201084,0.15095644059119032
78193,-197.5121858688416,-197.51202897418653,-0.0001568946550776218,0.15095655784002698
525638,-143.40098081430395,-143.40106193222434,8.111792038789645e-05,0.15095645474639569
774082,-224.14326006023015,-224.14280861459332,-0.0004514456368269748,0.15095656033051
894799,-118.38376363873198,-118.38442291689874,0.0006592781667649206,0.1509564506721235
465145,-95.36484978457324,-95.36486583607359,1.605150035288716e-05,0.10821510340960869
896630,-149.83300473269338,-149.83308143678425,7.670409087268126e-05,0.15095649882763415
408356,-197.76358672924212,-197.76291714671078,-0.0006695825313443038,0.15095647261721487
277550,-191.1111976077852,-191.11112761179766,-6.99959875305467e-05,0.15095655997520555
931183,-159.05014320949874,-159.04981758936398,-0.00032562013475967433,0.15095642621475613
342072,-123.81442725900418,-123.81470920821747,0.00028194921328861255,0.15095641046402844
563720,-161.72209571445498,-161.72177036988478,-0.000325344570200059,0.1509564690675203
835422,-172.65472687485877,-172.6543511015943,-0.0003757732644658063,0.15095646176533908
436922,-140.52509156013048,-140.52515656364943,6.500351895510903e-05,0.15095642244550891
112002,-128.79111071696101,-128.79117205348382,6.133652280482238e-05,0.15095633031596098
643961,-157.8729586710672,-157.87275848890866,-0.00020018215855088783,0.15095641913380034
34330,-167.76739357615975,-167.7671566857593,-0.00023689040045837828,0.15095646317147407
730003,-194.3354672825539,-194.33537599570883,-9.128684507686557e-05,0.15095656070592603
348260,-159.2574416649655,-159.25776868561,0.00032702064447676094,0.15095656027352722
700912,-128.19466064212904,-128.19460967324446,-5.0968884579560836e-05,0.15095634687451298
259682,-155.55662361162885,-155.55638700989056,-0.00023660173829398445,0.15095638549716084
687027,-111.39028380067873,-111.39080004247324,0.0005162417945143716,0.1509563838748255
539696,-125.30188759888111,-125.30208149663025,0.00019389774914202462,0.15095632279757332
289981,-103.88717087659882,-103.88764124089874,0.0004703642999288604,0.1509563662017598
251651,-151.83415453091422,-151.83374795531896,-0.0004065755952638028,0.1509563887233959
476653,-112.87489357879282,-112.87523160814389,0.0003380293510701904,0.1509563375863052
561490,-166.2936216127127,-166.29318408128287,-0.00043753142983860016,0.15095640640986663
788233,-139.41049887565984,-139.41068404051822,0.00018516485837949404,0.15095644269787914
507202,-164.7379396887151,-164.7375819108342,-0.00035777788090740614,0.15095641499081255
815006,-104.70193735371781,-104.70252581171579,0.0005884579979777982,0.15095639317643814
228138,-129.22627930621692,-129.22645404611512,0.00017473989819905,0.15095638152176877
702085,-151.9599375844944,-151.9599188641512,-1.8720343206268808e-05,0.1509564131874732
685481,-109.52344088039882,-109.52401315856727,0.0005722781684482925,0.1509563791150811
28019,-116.60341470816209,-116.60368925782967,0.0002745496675800041,0.150956310507707
731644,-128.0488628316742,-128.04876036792677,-0.00010246374742450826,0.15095629346312048
151804,-221.49731524524455,-221.49690471464652,-0.0004105305980317553,0.1509565606506192
892482,-156.98156347551003,-156.9813948271495,-0.00016864836052832288,0.15095643195996686
168474,-126.90821973122041,-126.90868134404899,0.0004616128285732657,0.15095644371183836
308385,-172.07386689448677,-172.07350070142502,-0.0003661930617511189,0.15095647212448107
336824,-201.010668438327,-201.00981522486143,-0.0008532134655752088,0.15095644493529325
926833,-146.98522261063,-146.98517873902117,-4.387160882401986e-05,0.15095641321931655
424827,-191.07020119703782,-191.0695919166272,-0.0006092804106287986,0.15095647200883947
529893,-126.42915542018034,-126.42939171144376,0.00023629126341973006,0.15095633487459087
198489,-183.95880540191456,-183.95844104000088,-0.00036436191368238724,0.15095647309821691
472090,-148.7585189423752,-148.75816192046588,-0.0003570219093091964,0.15095637468382603
800607,-156.6430483588896,-156.64286333028232,-0.00018502860726243853,0.15095645970222563
621724,-125.77564542282468,-125.77569112634299,4.5703518310347135e-05,0.15095638836809105
902070,-158.85300166208688,-158.85284448528327,-0.00015717680361149178,0.15095643315157853
974136,-198.71416086744185,-198.71305107404925,-0.0011097933926009773,0.150956359031975
619357,-152.99843682637962,-152.99845769125483,2.0864875210691025e-05,0.15095647803058274
44441,-161.00115189275516,-161.00142626705713,0.000274374301966418,0.15095655741265607
66862,-115.08673151011027,-115.08692062356377,0.00018911345350147712,0.15095623357744498
514272,-116.9324407114168,-116.93287243474663,0.00043172332982521766,0.15095630615354436
213900,-151.28157142802922,-151.2815110430803,-6.0384948938008165e-05,0.15095645275534866
376480,-134.08704107935327,-134.0868975712141,-0.00014350813916053085,0.15095629656533593
465145,-95.36484978457324,-95.36486583607325,1.6051500011826647e-05,0.10821510340727078
378280,-172.24379735181125,-172.24392669236508,0.00012934055382629595,0.15095655770594982
452127,-83.17561766641089,-83.17642368570554,0.0008060192946572897,0.15095629762287127
829254,-91.35579433050233,-91.3566215407289,0.0008272102265607373,0.1509562838045206
734152,-110.23572771639886,-110.23604133262813,0.00031361622927761346,0.15095640359759557
675362,-156.33937721988406,-156.33920090738735,-0.00017631249670557736,0.15095644840454206
854382,-168.3517603220897,-168.3514539198538,-0.00030640223587852233,0.150956436600716
35577,-145.13015640192458,-145.13024344649605,8.704457147246103e-05,0.15095645529778834
691713,-186.2158840672109,-186.21529931250043,-0.0005847547104735895,0.15095644876655062
87337,-151.62103906798868,-151.62082888353783,-0.00021018445085019266,0.15095642937562764
52432,-110.24605635709543,-110.24637430833667,0.00031795124124300855,0.15095637414416485
949874,-120.22611836309852,-120.22639429013469,0.0002759270361707422,0.1509564180142551
614191,-99.81542251013173,-99.81620682286723,0.0007843127355044999,0.15095625883930802
101293,-176.80486413599394,-176.80417530681513,-0.0006888291788129663,0.1509563859111245
425465,-122.27484117769917,-122.27517961713272,0.00033843943354838757,0.15095642749686997
992516,-106.41075892384572,-106.41144434338304,0.0006854195373193761,0.15095639568871144
743814,-148.04250503973716,-148.04250187987262,-3.159864547797042e-06,0.15095638387650143
460548,-134.28016049213934,-134.2802501902131,8.969807376502104e-05,0.15095642311924723
512918,-126.94685814623968,-126.94713918379975,0.0002810375600716952,0.15095644002471392
855475,-166.42232891323985,-166.42194560097076,-0.00038331226909349425,0.1509564490313532
283002,-148.32397997161715,-148.32388815029861,-9.182131853435749e-05,0.15095643875935982
332221,-145.17241847722468,-145.17253057678838,0.000112099563693846,0.1509564667446323
972445,-92.70451015124516,-92.7051672793487,0.0006571281035405718,0.15095634700021046
100530,-150.34068498163336,-150.34061780555675,-6.717607661244074e-05,0.15095644836599484
167277,-116.26441349455945,-116.26469501540623,0.0002815208467836783,0.1509563457197719
714618,-182.75469081843494,-182.75412242990035,-0.0005683885345888484,0.15095647568925927
49701,-156.1603950107083,-156.15997934753585,-0.0004156631724470117,0.1509564371102096
419235,-142.19663389220761,-142.19673504129653,0.00010114908891978303,0.1509564801288912
229276,-154.8666346807537,-154.8664642136295,-0.00017046712417823073,0.1509564481062202
122335,-162.66335202286834,-162.66314254874746,-0.00020947412087934936,0.150956479465209
906779,-156.86288793898422,-156.86248120171385,-0.00040673727036733,0.15095638053797655
144392,-139.1902930029149,-139.19045333758208,0.0001603346671856798,0.15095636970955764
419859,-154.32487841154364,-154.32469389629736,-0.0001845152462749411,0.15095647185800257
981466,-163.72214142705297,-163.72187997334964,-0.0002614537033309716,0.1509564417040315
619940,-139.27543746030128,-139.2755475315516,0.00011007125033302145,0.15095643669121814
697140,-183.30546918006644,-183.30490160749184,-0.0005675725745959426,0.1509564550916446
179817,-131.8677251671394,-131.86803136022263,0.0003061930832188864,0.15095645920111195
49512,-227.69772598720556,-227.69723776813356,-0.00048821907199680936,0.1509565605433575
844611,-141.17187252291436,-141.17196272376617,9.020085181532522e-05,0.15095646871053967
432501,-172.72079912300754,-172.72040215297662,-0.00039697003091987426,0.15095647869091305
849886,-150.32978783490165,-150.32965744055923,-0.000130394342420459,0.15095647128817438
667070,-117.48718074769627,-117.48765439749619,0.00047364979991471046,0.15095645856256912
866181,-127.64694559381223,-127.64713982846979,0.0001942346575560805,0.15095636944475493
270035,-207.88718240361632,-207.88687823541377,-0.0003041682025468617,0.15095655585903708
367485,-150.1827277900833,-150.18271275792017,-1.5032163133810172e-05,0.1509564507291063
701124,-153.44272365804198,-153.44274246273804,1.8804696054530723e-05,0.15095645972568913
769133,-146.06267299972384,-146.06251922560185,-0.00015377412199768514,0.15095638498599112
164856,-126.40212198280918,-126.4025252932772,0.0004033104680161159,0.15095646825467712
385411,-112.04355498811647,-112.04412426684394,0.0005692787274682587,0.15095642495275385
979745,-130.2790773905661,-130.27917975172215,0.00010236115605266605,0.15095644938665786
961722,-145.34611338877457,-145.3461057747619,-7.614012673684556e-06,0.15095643886159374
546065,-121.64383745377403,-121.64422897466298,0.000391520888953778,0.15095648965172537
813800,-166.1224265273798,-166.12229341929265,-0.000133108087140954,0.15095646417705333
999834,-153.3965080706057,-153.3964833790101,-2.469159559836953e-05,0.150956422147187
981015,-126.23066211831109,-126.23087524196842,0.00021312365733194838,0.1509564188505621
47328,-117.06737521999466,-117.06770058382429,0.00032536382963144206,0.15095639227309238
44193,-102.26067621241995,-102.26106036974495,0.00038415732500141075,0.15095631765067866
905684,-131.94164387076904,-131.9415862422907,-5.7628478344895484e-05,0.1509564030143594
912728,-184.11443570010965,-184.1138060370626,-0.0006296630470501441,0.15095641521874392
994627,-158.85323550205624,-158.85302849119734,-0.00020701085890095783,0.15095645599498997
327538,-133.97106799234774,-133.97108421806374,1.6225715995688006e-05,0.15095640365290247
209995,-128.45685542610067,-128.45687813851077,2.2712410100211855e-05,0.15095634860578658
363399,-101.63702503588186,-101.6376588029141,0.0006337670322409394,0.1509563690173835
354869,-154.55210925653495,-154.5516952344073,-0.00041402212764296564,0.1509564018763784
835713,-142.04685151268436,-142.0468741817544,2.2669070034453398e-05,0.15095643819623536
616382,-142.13418588467613,-142.13419948905843,1.3604382303356033e-05,0.1509564551737669
481717,-161.755547555394,-161.75525825929887,-0.0002892960951328405,0.1509564182254268
175762,-141.45180717829965,-141.45178148434766,-2.569395198293023e-05,0.15095643053707195
182763,-197.4450015812498,-197.44427063963897,-0.0007309416108398636,0.1509564785199646
102233,-123.66872505647251,-123.66879384949965,6.879302713969082e-05,0.15095639321330942
678525,-139.75405535711226,-139.75383267291517,-0.0002226841970980331,0.15095644322413235
628077,-145.3540984809276,-145.35393762294814,-0.0001608579794663001,0.15095637002966725
916860,-155.083821000031,-155.083707572849,-0.00011342718201490243,0.1509564512587114
792452,-108.66234162475166,-108.66294958278448,0.0006079580328162137,0.15095633808406733
458557,-130.41984988098932,-130.41998560843334,0.00013572744401812997,0.15095641929636902
291775,-166.63110413379167,-166.63070889051795,-0.0003952432737150957,0.15095643281135748
449263,-126.760753599588,-126.76095855970695,0.00020496011894977073,0.15095633537570494
556092,-143.76154279468122,-143.76144370297484,-9.909170637456555e-05,0.15095641910028101
469666,-186.4534424024642,-186.45281321652095,-0.0006291859432394631,0.1509564625413111
803699,-122.48021358583317,-122.48028210683069,6.852099751597507e-05,0.1509562822777143
478286,-145.3985962695954,-145.39860172662188,5.457026475141902e-06,0.15095644431518598
796914,-165.26327820915353,-165.26288534250938,-0.00039286664414817096,0.15095640703835392
972578,-124.79328024132371,-124.79352097360875,0.00024073228503596056,0.15095641548689848
523937,-113.50307966219117,-113.50353135849741,0.00045169630624286583,0.15095642213042734
40088,-169.3662092446046,-169.36576893341672,-0.0004403111878730215,0.15095641608019042
806312,-130.4175930401145,-130.41783647282648,0.00024343271198290495,0.15095645852737383
632782,-141.9440864960851,-141.9442285496626,0.00014205357749119685,0.15095648911206458
641411,-186.3650940202873,-186.36453293329345,-0.0005610869938550422,0.15095647846968566
35432,-124.14906610812776,-124.1494945488072,0.0004284406794425877,0.15095643220968577
210321,-179.69418829929083,-179.6937331755862,-0.00045512370462574836,0.15095648870648104
557271,-179.24816723198757,-179.2478146350167,-0.00035259697085621156,0.15095648776458861
707083,-158.7448487027513,-158.74466746599452,-0.00018123675678793916,0.1509564502715677
920469,-180.7832107648837,-180.7826280200311,-0.0005827448526076751,0.150956434596261
385837,-139.81193228082046,-139.81192059209863,-1.168872182688574e-05,0.1509563574917617
793938,-182.01213922377747,-182.01169421712842,-0.00044500664904489895,0.15095648229088635
727791,-132.9403158424874,-132.94055897222376,0.00024312973636142488,0.1509563027345713
70580,-188.1310566656041,-188.13049772864775,-0.0005589369563381297,0.15095647615685356
77232,-81.77966176032031,-81.78014850740607,0.0004867470857590206,0.13073238695867923
471404,-108.39569776990967,-108.39603583824346,0.0003380683337894652,0.15095636377663627
361208,-138.58047541495233,-138.58049120173047,1.5786778135407076e-05,0.1509564052400423
267091,-181.83586713928915,-181.83518841147423,-0.0006787278149147369,0.15095645599498997
570045,-160.30193147620335,-160.30169579808245,-0.00023567812090163898,0.15095644987436388
182688,-118.31582377737317,-118.31621542588886,0.000391648515687848,0.15095635274039634
719155,-119.38529160363942,-119.38560567520781,0.00031407156839691197,0.15095641530589415
236899,-175.50845390784477,-175.5078852662587,-0.0005686415860566285,0.15095645360171123
625946,-126.43257652706572,-126.43285279858671,0.00027627152098830265,0.15095640292888513
656454,-143.55546277310313,-143.5554848283126,2.2055209456084413e-05,0.15095646659714734
368929,-137.81484936135135,-137.81494723400166,9.787265031491188e-05,0.15095643522642413
261486,-123.9303265570708,-123.93078063631833,0.0004540792475324906,0.15095645169446245
689298,-173.09493074140443,-173.09445046744437,-0.0004802739600506811,0.15095644197051003
945329,-180.5108986229789,-180.51012018613693,-0.0007784368419834209,0.1509563260992282
919425,-152.8412140225249,-152.84109524824834,-0.0001187742765580424,0.15095646821445394
110339,-140.22194426820118,-140.22195550387326,1.1235672076281844e-05,0.1509562928832358
852078,-95.6921966992738,-95.69304134320724,0.0008446439334477418,0.15095641598466036
417117,-154.54043013359149,-154.54023795869693,-0.00019217489455058967,0.1509564464051151
47736,-185.45953651445262,-185.45868901007876,-0.0008475043738656041,0.15095639728423124
966178,-100.83276711649908,-100.83340394925804,0.0006368327589569844,0.15095627553697316
503207,-141.3220386355235,-141.32193915348208,-9.948204143483963e-05,0.15095640257190435
564216,-161.82235515854723,-161.82197745258694,-0.00037770596028963155,0.15095642650637417
338459,-124.28700579242613,-124.28720271174613,0.00019691932000398538,0.150956371791108
231460,-122.38567701297764,-122.38590747369781,0.00023046072017507413,0.15095635695377643
17637,-182.7568806022819,-182.75634202878308,-0.0005385734988294644,0.1509564712680628
546887,-150.10260085542475,-150.10249736326995,-0.00010349215480687235,0.15095647090605427
308604,-163.61728202888577,-163.61683635116486,-0.0004456777209043139,0.15095638650609253
62498,-104.5911396966831,-104.59178030450309,0.0006406078199887588,0.15095639279431786
841345,-113.1218198632838,-113.12220942799958,0.0003895647157747817,0.1509564554653849
820460,-93.73970724428531,-93.7404321831126,0.000724938827289634,0.15095627285039723
719041,-89.67498401959716,-89.67589395883246,0.0009099392352993618,0.15095628069392508
815815,-161.54909747287664,-161.54866189397143,-0.00043557890521128684,0.15095638701726224
334144,-169.00427729830136,-169.00371239023443,-0.000564908066934322,0.1509564260488355
301062,-164.04253297757026,-164.0423212478767,-0.00021172969354665838,0.15095646707144555
566366,-146.83975287545167,-146.83966269996677,-9.017548489964611e-05,0.15095637594750466
307792,-146.56431656849944,-146.56422739647098,-8.91720284528219e-05,0.150956434596261
987589,-98.5428522985365,-98.5437324295691,0.0008801310326020939,0.1509563648827742
988456,-161.87432623006399,-161.87378415243668,-0.0005420776273012962,0.1509563228847236
277049,-152.81022196116942,-152.81001123375424,-0.00021072741517969007,0.1509564593971999
275348,-154.92935418513508,-154.9290807057756,-0.00027347935949251223,0.15095647323061817
18777,-169.98247017933386,-169.98210571463989,-0.00036446469397333203,0.15095647746913438
872559,-155.70660959934258,-155.70634541453836,-0.00026418480422307766,0.15095641216178202
402137,-119.61609512873555,-119.61643153144752,0.00033640271196588856,0.15095643262532527
616213,-148.24651887545423,-148.24649332382785,-2.555162637918329e-05,0.15095645164753543
383602,-144.17576584029143,-144.17581563188386,4.979159243134745e-05,0.15095644978721365
94152,-140.27331692816261,-140.27343561852132,0.00011869035870404332,0.15095646712004857
603673,-184.63690654641357,-184.63632452665888,-0.00058201975468819,0.1509564691496426
861907,-132.97963263747755,-132.9798148490419,0.00018221156435060948,0.15095641347406338
350636,-159.61955768700574,-159.61934427122807,-0.0002134157776652046,0.15095645482684203
194758,-105.37254082697358,-105.3730823460304,0.0005415190568243133,0.1509563948792198
108875,-130.35074146202362,-130.35085817847275,0.00011671644912780721,0.15095642889965336
234157,-138.10669660814952,-138.10671896302702,2.2354877501129522e-05,0.1509564273678206
85852,-163.48935958987022,-163.48910333919548,-0.00025625067473811214,0.15095646951332709
63899,-191.34047938427588,-191.3398077583279,-0.0006716259479730979,0.15095646567536639
690985,-128.73995931660951,-128.7401832702752,0.0002239536656816199,0.15095640725790546
77247,-149.25085772752206,-149.25076508674562,-9.264077644388635e-05,0.15095645229445814
321669,-115.66419082034295,-115.66459649056985,0.0004056702268968593,0.15095637527544215
613530,-107.0705959215363,-107.07116705184075,0.0005711303044506622,0.15095645165759122
913989,-123.65018938108088,-123.65037619132075,0.00018681023986744094,0.150956361587824
848215,-154.3008687257065,-154.30069516111388,-0.00017356459261463897,0.15095645385478204
269646,-109.13476032274033,-109.13520871606758,0.0004483933272467766,0.15095643257839825
155313,-151.61435687578793,-151.61408198204342,-0.0002748937445176125,0.15095641206625193
554391,-136.2194552496001,-136.21956710754375,0.00011185794366497248,0.15095643222141752
327795,-150.63863495796724,-150.63842811849838,-0.00020683946885924342,0.15095642887786578
390945,-184.68858360560876,-184.68807137225502,-0.0005122333537315171,0.1509564839098687
896157,-147.8658973357139,-147.865770660329,-0.00012667538490518382,0.15095638276868772
51230,-128.56072361903722,-128.56112576715879,0.00040214812156591506,0.15095644286715168
144132,-209.3495660753366,-209.34858852203288,-0.0009775533037270634,0.1509564626804162
871393,-170.53290478860342,-170.5325262615921,-0.0003785270113212391,0.15095645363020263
973802,-142.35876930915566,-142.35886001563236,9.07064766977328e-05,0.15095641828911352
962163,-167.96276091280336,-167.96238552750796,-0.00037538529539915544,0.1509564088500732
407887,-146.87529679320156,-146.87525600440733,-4.078879422309001e-05,0.15095644802409788
615432,-153.8500365954378,-153.8497608632847,-0.00027573215311349486,0.15095644598277178
77232,-81.77966176032031,-81.78014850740607,0.0004867470857590206,0.13073238695867923
354624,-169.52759418112518,-169.5271874433563,-0.0004067377688841134,0.150956431415278
351138,-99.97974716545247,-99.98064132305579,0.0008941576033265619,0.15095632102440024
692779,-131.55158839643477,-131.55147802934138,-0.00011036709338441142,0.1509563477627753
952839,-114.45735636051477,-114.45774309001028,0.0003867294955171019,0.15095639671943062
37999,-177.38009039458845,-177.37963654060923,-0.00045385397922359516,0.15095644389284266
197028,-114.59151137934067,-114.59204635911206,0.0005349797713876114,0.15095644158168603
39953,-155.208688444463,-155.20847379676835,-0.00021464769466206235,0.15095642820077562
147657,-156.636920028948,-156.63668235636723,-0.00023767258076645703,0.1509564455520486
658624,-169.86040004765476,-169.86008477975182,-0.0003152679029483352,0.15095645922457546
907162,-142.37991532967243,-142.38005068012845,0.00013535045601997808,0.15095647000103302
484623,-166.7410273779747,-166.74074709072886,-0.0002802872458289585,0.1509564795858785
452476,-156.45169516453623,-156.45159333822153,-0.00010182631470456727,0.15095646215081115
197109,-122.81679613504294,-122.8171019288422,0.00030579379927075934,0.15095647938643864
971025,-119.68053992005454,-119.68092669231262,0.00038677225808214644,0.15095643394933822
520822,-174.76756503273987,-174.76699307351728,-0.0005719592225830183,0.15095641249027134
280691,-145.58738207389257,-145.58738459907423,2.525181656665154e-06,0.15095640591713264
312576,-206.1451191882364,-206.14432927222657,-0.0007899160098361335,0.15095649755557666
141990,-130.49678952024354,-130.4971699241387,0.0003804038951500388,0.15095636914475694
362430,-183.40788930805263,-183.40734051501497,-0.0005487930376659733,0.1509564578536357
443805,-180.70558096083113,-180.70488264661697,-0.0006983142141621101,0.15095635044767394
107226,-154.83809893503627,-154.83801967194586,-7.926309041295099e-05,0.15095645287769413
512351,-131.44220887909165,-131.44231189112003,0.00010301202837581513,0.1509563122691484
1000204,-127.7624494855728,-127.76276421037531,0.0003147248025072713,0.15095639157086252
213763,-135.67164437763512,-135.67179364693203,0.00014926929691227997,0.15095644074537917
848768,-141.69520743620507,-141.69523246676354,2.5030558475691578e-05,0.1509564039143532
84133,-234.2848172355272,-234.28418702399478,-0.0006302115324388069,0.1509565546489908
874116,-171.0440292799857,-171.04361123792495,-0.0004180420607440283,0.15095640881822983
591484,-175.6313634077888,-175.63094454710492,-0.00041886068387952946,0.15095645727039972
788142,-170.7898034542929,-170.78929212431936,-0.0005113299735342025,0.15095637922401894
596200,-146.9627647061455,-146.96264610266707,-0.0001186034784268486,0.15095642994880795
47994,-151.46973910317962,-151.46949877413883,-0.00024032904079263062,0.15095635551412112
486318,-119.24782458729786,-119.24813145241563,0.00030686511777844316,0.15095642672257376
786893,-138.9134984788089,-138.9134925026151,-5.976193790502293e-06,0.1509563971216625
218565,-106.48928618801774,-106.48975062342487,0.0004644354071245971,0.1509564069210363
37948,-97.68745905070388,-97.68824093810721,0.0007818874033347356,0.15095627169397963
511656,-170.18279543311624,-170.18241781070137,-0.00037762241487371284,0.15095643178734242
188787,-124.06705513056748,-124.06737632761227,0.00032119704478361655,0.1509563749687403
92014,-139.94998832971703,-139.94997018457767,-1.8145139364378338e-05,0.15095642694212527
563892,-148.03653887805098,-148.036507608338,-3.126971296296688e-05,0.1509564471106966
734392,-206.11741151955317,-206.11666325770466,-0.0007482618485141757,0.15095649928182064
427584,-114.81544656045608,-114.81574690167645,0.00030034122036681765,0.1509563684877781
269137,-117.46001298097765,-117.46038852965829,0.000375548680636939,0.15095631396857903
60368,-135.58153091415065,-135.5815853791191,5.446496845706861e-05,0.15095638314913204
23974,-195.01037626089686,-195.0096224096048,-0.0007538512920746143,0.15095644422803578
677539,-158.3340119033243,-158.33368850190786,-0.0003234014164377186,0.15095642000865453
967352,-144.89700453090725,-144.89711826623488,0.00011373532763059302,0.1509564662368148
836623,-146.0005440385236,-146.00040271542053,-0.00014132310306536056,0.1509564356621752
555546,-177.81912351317771,-177.81864060729413,-0.00048290588358668174,0.1509564295398723
831245,-140.63955462130087,-140.63952004844504,-3.457285583863268e-05,0.15095640619031508
736040,-189.3535023962383,-189.35285291538207,-0.0006494808562251819,0.1509564424565401
399581,-152.72367080370353,-152.72342649949903,-0.00024430420450016754,0.15095632526459668
56105,-139.426348584753,-139.42640881298001,6.022822702789199e-05,0.15095641794386455
420863,-161.31508300381265,-161.3148518557431,-0.00023114806955959466,0.1509564273544129
1000250,-142.19178837277994,-142.19185617643438,6.780365444569725e-05,0.15095644241296496
514750,-150.21603597152364,-150.21601001983154,-2.5951692094849932e-05,0.15095643577111298
197912,-107.3338169937513,-107.33442287909409,0.0006058853427930444,0.15095645175479722
511200,-151.7686056640215,-151.76859870651606,-6.957505434002087e-06,0.15095647751773736
582141,-141.4367693978877,-141.4368525664643,8.316857659451671e-05,0.15095648544002493
430373,-178.2934174777535,-178.29296852584943,-0.0004489519040760115,0.15095647232894885
311361,-104.90860650921593,-104.90905849266665,0.0004519834507163978,0.1509563584101914
878079,-119.32191703143477,-119.32220373286314,0.00028670142837938783,0.15095634983259418
378469,-156.54970737883897,-156.54953287491816,-0.00017450392081741484,0.15095645082463635
278820,-85.21831764777716,-85.21914749517848,0.000829847401320194,0.15095639910935835
688919,-187.77414000639462,-187.77346356813487,-0.0006764382597452823,0.15095643702305936
85837,-164.50263551239624,-164.50225618115832,-0.0003793312379229974,0.1509564433246903
540500,-176.56061318308693,-176.56015943341512,-0.00045374967180578096,0.15095647213956476
463025,-166.49973526213847,-166.49931311854954,-0.0004221435889348868,0.15095641859916722
467473,-132.90978649298194,-132.9099837649685,0.0001972719865648287,0.15095644929112784
464472,-95.18280887130554,-95.18355510656124,0.000746235255704164,0.15095638687648108
326393,-129.610940037195,-129.61114486852807,0.00020483133306470336,0.15095641628968615
821446,-179.21898483427685,-179.21848706059342,-0.0004977736834348434,0.1509564851249435
584470,-134.7960843456102,-134.79638235592088,0.0002980103106722254,0.15095639227812024
716112,-167.57043190081728,-167.57002290319278,-0.0004089976245040816,0.15095641188021972
960961,-125.69962724808356,-125.69995395672544,0.00032670864187878124,0.1509563961864734
823922,-167.40796481859368,-167.40765947588162,-0.0003053427120676133,0.15095645337713184
332007,-155.01216887525754,-155.01206255962373,-0.00010631563381480191,0.15095645522069392
34268,-106.68669243233842,-106.68716836292522,0.0004759305868020647,0.1509564454263512
869349,-179.20287617095101,-179.20236405071,-0.000512120241012326,0.15095648159200883
347274,-138.58510141216044,-138.58526021866402,0.00015880650357757986,0.15095645402740646
982197,-117.14938379001137,-117.14995793956578,0.0005741495544100417,0.1509563587906358
959672,-166.69128141649642,-166.69076519777587,-0.0005162187205485225,0.15095636543919505
630197,-138.94225163534728,-138.9423632158919,0.00011158054462612199,0.1509564499698939
48472,-157.42682178624486,-157.42673504997094,-8.673627391431182e-05,0.15095642240863769
432907,-138.01773521706983,-138.01775856178259,2.3344712758444075e-05,0.15095643516106144
401200,-203.63167790851236,-203.63090308550215,-0.0007748230102038178,0.15095646953846656
69417,-110.2742135045328,-110.27475011274856,0.000536608215767842,0.15095639699764102
76301,-171.6360650681727,-171.63567391172435,-0.00039115644835874264,0.15095646963902448
328633,-154.95073934821562,-154.95052246881218,-0.00021687940343895207,0.1509564429107268
184587,-107.9108246092826,-107.91113090780314,0.000306298520541759,0.15095640163839122
427213,-131.1160477959652,-131.11597370829892,-7.408766626326724e-05,0.15095638352622448
627645,-98.61078029198933,-98.61147783543245,0.0006975434431240046,0.15095636767661033
558402,-136.28419680814747,-136.2841161760144,-8.063213306286343e-05,0.15095643532698205
339425,-97.32606087127756,-97.32677559663024,0.0007147253526795794,0.15095642729743006
96873,-90.90169270279335,-90.90246874074083,0.000776037947474606,0.15095639247253234
722659,-146.38103234664058,-146.38084580277632,-0.0001865438642596473,0.15095641283887226
76957,-195.66108628364395,-195.66026260003042,-0.0008236836135324666,0.1509564442062482
160536,-157.89992345393193,-157.8996586247313,-0.0002648292006313113,0.15095644322580834
40590,-119.24549621836809,-119.245878131855,0.00038191348690475024,0.15095638143797044
778007,-153.40128318621993,-153.40108038427022,-0.0002028019497117839,0.15095640839253446
236734,-179.66934558929302,-179.66887835008373,-0.00046723920928570806,0.1509564438559714
883650,-149.76750804127227,-149.76740200418615,-0.0001060370861125648,0.15095644401016023
585438,-132.5738567962233,-132.57396809602636,0.00011129980305213394,0.15095645711956285
479710,-125.78755309986127,-125.78785247690237,0.00029937704110238883,0.1509564266873785
605792,-102.39238457040281,-102.3937319029603,0.0013473325574864248,0.15095635764930257
348127,-228.20050131058403,-228.1987713303053,-0.0017299802787249519,0.15095634473095154
644757,-198.47886534176197,-198.4781170824955,-0.000748259266487139,0.15095649118355747
238236,-134.4801356098865,-134.48032456445645,0.0001889545699498285,0.1509564414325251
927549,-143.56348403236174,-143.56352539132638,4.135896463708377e-05,0.15095646887646025
981572,-171.98573394311884,-171.98537095769137,-0.0003629854274720401,0.15095645508326475
908707,-134.33458197659394,-134.33468714301895,0.00010516642501556817,0.15095639951997006
500164,-148.47799843555407,-148.47790651220436,-9.192334971430682e-05,0.15095644010013237
119004,-107.0452329610668,-107.04581544356608,0.0005824824992828326,0.1509564254806831
11199,-128.05683432445878,-128.05702185744957,0.0001875329907932155,0.15095637687766603
42172,-161.87556151817355,-161.8752120736998,-0.00034944447375551135,0.1509564421783298
470984,-179.7378740883193,-179.7372901911205,-0.0005838971987941477,0.15095641636007673
585165,-101.01254960321327,-101.01327333166303,0.0007237284497563223,0.1509563127132797
461886,-141.73413437848498,-141.73399569658218,-0.0001386819027970887,0.15095636436322454
225829,-160.0774010830226,-160.077077630189,-0.00032345283361223665,0.15095643859176328
263807,-138.35925481110272,-138.35925532997007,5.18867352639063e-07,0.15095628825589
855031,-119.33648351507166,-119.33687297336034,0.000389458288680089,0.15095642838513185
935211,-190.80010866363855,-190.79950658615766,-0.000602077480891694,0.15095647792834885
920516,-61.466008085310875,-61.46607245620372,6.437089284361264e-05,0.11048920827515703
674659,-93.02775559088326,-93.02828942048876,0.0005338296055015235,0.15095635774483265
920516,-61.466008085310875,-61.46607245620372,6.437089284361264e-05,0.11048920827515703
953676,-157.73139136200595,-157.73085764476883,-0.0005337172371184806,0.1509564300778573
389902,-139.7058014402461,-139.70566378418107,-0.0001376560650214742,0.15095643737668812
920516,-61.466008085310875,-61.46607245620372,6.437089284361264e-05,0.11048920827515703
920516,-61.466008085310875,-61.46607245620372,6.437089284361264e-05,0.11048920827515703
485318,-113.23833419340818,-113.23866993332396,0.00033573991578350615,0.15095646087037357
504554,-152.97261009564252,-152.97237198313073,-0.0002381125117949523,0.15095643891019675
903048,-129.99632400257403,-129.99650234008973,0.00017833751570606182,0.15095644686432969
920516,-61.466008085310875,-61.46607245620372,6.437089284361264e-05,0.11048920827515703
762425,-104.80438396182889,-104.80489733791458,0.0005133760856921299,0.1509564429442461
146830,-240.65090305951978,-240.65025824103583,-0.0006448184839484838,0.15095656028023108
908588,-159.37482225772254,-159.37458596353184,-0.000236294190699482,0.15095647013008232
920516,-61.466008085310875,-61.46607245620372,6.437089284361264e-05,0.11048920827515703
171789,-128.1936074254995,-128.1938338654555,0.0002264399560090169,0.15095648851877294
452355,-128.14125433522332,-128.14153441566006,0.00028008043673821703,0.1509564967108903
586654,-164.5693677449509,-164.5691178469899,-0.00024989796099816886,0.15095648255066094
895648,-176.69596649907612,-176.69553480272802,-0.00043169634810169555,0.15095646889992376
49539,-150.2988622448474,-150.29878662355034,-7.56212970713932e-05,0.15095644819169443
577867,-147.42352620828544,-147.4234685441766,-5.766410885144069e-05,0.15095645944747887
771275,-168.21744772198358,-168.2176271696243,0.00017944764073263286,0.15095655831097296
920516,-61.466008085310875,-61.46607245620372,6.437089284361264e-05,0.11048920827515703
542964,-145.38360366045177,-145.3836046300711,9.69619321722348e-07,0.15095645047268358
415183,-126.72635575352753,-126.72662671423899,0.0002709607114610435,0.15095645658995774
920516,-61.466008085310875,-61.46607245620372,6.437089284361264e-05,0.11048920827515703
855378,-162.87317078238928,-162.87294656125727,-0.00022422113201514549,0.15095647490490752
515670,-147.41260733785734,-147.41252236729804,-8.49705592997907e-05,0.15095641943212226
1000464,-119.02636046316688,-119.02679815005442,0.00043768688753687,0.1509564236589082
267842,-153.4514694582978,-153.45139932150585,-7.01367919475615e-05,0.15095649061372934
431640,-126.67508179717514,-126.67542187661584,0.000340079440704244,0.1509564478514734
749026,-163.20473353555204,-163.2044961994168,-0.00023733613522836094,0.15095646470330645
554910,-168.51908337209886,-168.51879327382977,-0.000290098269090322,0.15095648101380085
920516,-61.466008085310875,-61.46607245620271,6.437089183464195e-05,0.11048920827973663
27971,-132.543142888871,-132.54340702512812,0.0002641362571296213,0.1509564514782629
590720,-135.31287649201306,-135.3130919410754,0.00021544906235249073,0.1509564928008638
969114,-144.67093164936813,-144.67100047090057,6.882153243736866e-05,0.15095649908070485
296905,-178.91604765045517,-178.91565007459656,-0.0003975758586136635,0.150956478548456
368517,-151.57512503639708,-151.57500341970606,-0.0001216166910182892,0.15095642300528153
953131,-127.29814270916656,-127.29840482338135,0.0002621142147916089,0.1509564342292245
831796,-184.06487460790515,-184.0642571292318,-0.0006174786733481596,0.15095642861641512
141224,-111.1281800811252,-111.12872521963033,0.0005451385051316038,0.1509564382817096
18421,-112.40681641192386,-112.40734456741367,0.00052815548981755,0.15095641098357793
542234,-156.79861101338514,-156.79840090414993,-0.0002101092352120304,0.15095646554631706
71324,-144.40145446627736,-144.40147239813734,1.7931859986219933e-05,0.1509564704652754
450126,-162.19893358804404,-162.19869856673273,-0.0002350213113118116,0.1509564585592172
269294,-144.35580831232306,-144.3557958062806,-1.2506042452287147e-05,0.1509564467319284
742740,-134.96769707488266,-134.9679394125798,0.0002423376971307789,0.15095648747967455
920516,-61.466008085310875,-61.46607245620372,6.437089284361264e-05,0.11048920827515703
430656,-117.25391040475182,-117.25432806618326,0.0004176614314417293,0.15095644069677616
4948,-139.79502208407536,-139.79511739180688,9.530773152732763e-05,0.1509564700194686
216928,-172.54400852983898,-172.54373065794863,-0.00027787189034711446,0.15095650989067882
559561,-149.80357265364313,-149.80356974715292,-2.9064902093978162e-06,0.15095648218194863
920516,-61.466008085310875,-61.46607245620372,6.437089284361264e-05,0.11048920827515703
794524,-123.25988036620487,-123.26032929710891,0.0004489309040422995,0.15095646341448907
156690,-160.72452753293464,-160.72429911162394,-0.00022842131070888172,0.15095645480170256
389472,-133.17852544240657,-133.17877178639506,0.00024634398849343597,0.15095648559756566
190182,-143.90261797461835,-143.90270073076448,8.27561461278492e-05,0.15095647455965866
83115,-181.64880969131252,-181.6483384427797,-0.0004712485328184357,0.15095648150485866
488964,-117.93309610338565,-117.93331095806666,0.00021485468100479466,0.1509564301113766
827742,-133.68616542585545,-133.68619884887377,3.342301832276462e-05,0.15095645575365094
883832,-97.4579091097697,-97.45864084767474,0.0007317379050419959,0.15095642009077687
555596,-167.70574854851284,-167.7053856028298,-0.0003629456830367417,0.15095645857932874
64474,-112.432900214775,-112.43326110098424,0.00036088620923635517,0.15095641677404031
669792,-103.44137821395931,-103.44198830754635,0.0006100935870421154,0.15095638249885712
632179,-130.4052356726882,-130.4054145235996,0.00017885091139646647,0.15095644750790047
962673,-119.84406777388743,-119.84448082601064,0.0004130521232070805,0.15095644304312805
631346,-178.11851848138315,-178.11805570770454,-0.0004627736786062542,0.1509564550078463
534817,-153.8964728410907,-153.8963104410771,-0.0001624000136075665,0.15095644285039203
336130,-126.7529060789471,-126.75321168816305,0.0003056092159425816,0.150956454439694
947321,-157.34503130875265,-157.34479395841618,-0.00023735033647653836,0.15095640957409048
844179,-135.65701015275113,-135.6571331624133,0.0001230096621611665,0.1509564290873615
438496,-173.81331678735182,-173.81297230322866,-0.0003444841231612372,0.15095648823888674
694644,-120.62620854633931,-120.62658492995638,0.0003763836170662671,0.15095647103007573
94839,-123.92333465036292,-123.9236630966158,0.0003284462528796439,0.15095643934929975
47696,-161.7137940807142,-161.71357477563578,-0.00021930507841716462,0.15095647285185002
971244,-148.19625257451648,-148.1962630925734,1.0518056910768792e-05,0.15095648024285685
920516,-61.466008085310875,-61.46607245620372,6.437089284361264e-05,0.11048920827515703
920516,-61.466008085310875,-61.46607245620372,6.437089284361264e-05,0.11048920827515703
852357,-133.27772113155905,-133.2778819970757,0.00016086551664784565,0.15095643780908727
55030,-109.29348123064877,-109.29404185138048,0.0005606207317185863,0.15095645456203946
392451,-155.70534118098428,-155.70522239178234,-0.00011878920193453268,0.15095645926479864
157333,-142.98205691665035,-142.98211132809672,5.441144637075013e-05,0.15095646096590357
130029,-132.543140731306,-132.54338332988752,0.00024259858150799118,0.15095648340372725
920516,-61.466008085310875,-61.46607245620372,6.437089284361264e-05,0.11048920827515703
628985,-192.03483922321925,-192.03421399822798,-0.0006252249912677144,0.15095646884796884
178415,-140.4219818670704,-140.42201432286765,3.245579725330572e-05,0.15095644808778458
944461,-102.57332717002346,-102.57400245071713,0.0006752806936702882,0.15095645803799193
331795,-163.13934823587388,-163.1391328433906,-0.00021539248328394933,0.15095646613122898
460646,-116.47779195559835,-116.47825439876968,0.0004624431713295962,0.1509564766529393
347254,-170.99812513895762,-170.9977408105495,-0.0003843284081312959,0.15095645021123294
52781,-106.16325091328277,-106.16386952087382,0.0006186075910505906,0.15095638705748543
889163,-138.20571824458472,-138.20581787208386,9.962749913938751e-05,0.1509564488855442
76124,-143.26949548326027,-143.2695312337796,3.575051931647977e-05,0.15095644041688988
937689,-193.42363203395263,-193.4229672005602,-0.0006648333924204053,0.1509564725585561
978386,-143.4870616616176,-143.48705549033406,-6.171283530420624e-06,0.15095642914099242
355686,-160.20577027767104,-160.20548989353387,-0.000280384137170131,0.15095641386791536
153899,-123.29092128868156,-123.29123589237547,0.00031460369390856613,0.1509564254270522
152847,-178.87884734302963,-178.87890068187446,5.333884482183748e-05,0.15095655605344896
